{
    "intrinsics": [
        [
            603.638671875,
            602.913330078125,
            333.5036926269531,
            250.91531372070312
        ],
        [
            387.90960693359375,
            387.4136657714844,
            324.3149108886719,
            245.59893798828125
        ],
        [
            435.13336181640625,
            433.620361328125,
            323.2470397949219,
            240.0158233642578
        ]
    ],
    "depth_scales": [
        0.0010000000474974513,
        0.0010000000474974513,
        9.999999747378752e-05
    ]
}