{
  "device_info": {
    "serial_number": "419122270614",
    "name": "Intel RealSense D405",
    "firmware_version": "5.16.0.1",
    "product_line": "D400",
    "device_id": "419122270614"
  },
  "timestamp": "20251013_200328",
  "color_intrinsics": {
    "width": 640,
    "height": 480,
    "ppx": 323.2470397949219,
    "ppy": 240.0158233642578,
    "fx": 435.13336181640625,
    "fy": 433.620361328125,
    "model": "distortion.inverse_brown_conrady",
    "coeffs": [
      -0.0496184304356575,
      0.05098722502589226,
      -0.0003471675154287368,
      0.00026818408514373004,
      -0.01634412445127964
    ],
    "distortion_model": "distortion.inverse_brown_conrady"
  },
  "depth_intrinsics": {
    "width": 640,
    "height": 480,
    "ppx": 320.424072265625,
    "ppy": 241.75953674316406,
    "fx": 389.9512634277344,
    "fy": 389.9512634277344,
    "model": "distortion.brown_conrady",
    "coeffs": [
      0.0,
      0.0,
      0.0,
      0.0,
      0.0
    ],
    "distortion_model": "distortion.brown_conrady"
  },
  "depth_scale": 9.999999747378752e-05,
  "extrinsics": {
    "rotation": [
      0.9999889135360718,
      -0.004546795040369034,
      0.0012312486069276929,
      0.004545177333056927,
      0.9999887943267822,
      0.0013135134940966964,
      -0.001237207092344761,
      -0.0013079027412459254,
      0.9999983906745911
    ],
    "translation": [
      -7.091063889674842e-05,
      6.082832442189101e-06,
      1.217620047100354e-05
    ],
    "transform_matrix": [
      [
        0.9999889135360718,
        -0.004546795040369034,
        0.0012312486069276929,
        -7.091063889674842e-05
      ],
      [
        0.004545177333056927,
        0.9999887943267822,
        0.0013135134940966964,
        6.082832442189101e-06
      ],
      [
        -0.001237207092344761,
        -0.0013079027412459254,
        0.9999983906745911,
        1.217620047100354e-05
      ],
      [
        0.0,
        0.0,
        0.0,
        1.0
      ]
    ]
  },
  "stream_config": {
    "color": {
      "width": 640,
      "height": 480,
      "format": "bgr8",
      "fps": 30
    },
    "depth": {
      "width": 640,
      "height": 480,
      "format": "z16",
      "fps": 30
    }
  }
}