{
  "device_info": {
    "serial_number": "313522072872",
    "name": "Intel RealSense D435I",
    "firmware_version": "5.16.0.1",
    "product_line": "D400",
    "device_id": "313522072872"
  },
  "timestamp": "20251013_200325",
  "color_intrinsics": {
    "width": 640,
    "height": 480,
    "ppx": 333.5036926269531,
    "ppy": 250.91531372070312,
    "fx": 603.638671875,
    "fy": 602.913330078125,
    "model": "distortion.inverse_brown_conrady",
    "coeffs": [
      0.0,
      0.0,
      0.0,
      0.0,
      0.0
    ],
    "distortion_model": "distortion.inverse_brown_conrady"
  },
  "depth_intrinsics": {
    "width": 640,
    "height": 480,
    "ppx": 322.9087829589844,
    "ppy": 236.52133178710938,
    "fx": 389.05810546875,
    "fy": 389.05810546875,
    "model": "distortion.brown_conrady",
    "coeffs": [
      0.0,
      0.0,
      0.0,
      0.0,
      0.0
    ],
    "distortion_model": "distortion.brown_conrady"
  },
  "depth_scale": 0.0010000000474974513,
  "extrinsics": {
    "rotation": [
      0.9999915361404419,
      -0.003833361668512225,
      -0.0015058419667184353,
      0.003836830845102668,
      0.9999899864196777,
      0.0023077125661075115,
      0.0014969805488362908,
      -0.0023134704679250717,
      0.9999961853027344
    ],
    "translation": [
      0.014881386421620846,
      0.00010778931755339727,
      6.680392834823579e-05
    ],
    "transform_matrix": [
      [
        0.9999915361404419,
        -0.003833361668512225,
        -0.0015058419667184353,
        0.014881386421620846
      ],
      [
        0.003836830845102668,
        0.9999899864196777,
        0.0023077125661075115,
        0.00010778931755339727
      ],
      [
        0.0014969805488362908,
        -0.0023134704679250717,
        0.9999961853027344,
        6.680392834823579e-05
      ],
      [
        0.0,
        0.0,
        0.0,
        1.0
      ]
    ]
  },
  "stream_config": {
    "color": {
      "width": 640,
      "height": 480,
      "format": "bgr8",
      "fps": 30
    },
    "depth": {
      "width": 640,
      "height": 480,
      "format": "z16",
      "fps": 30
    }
  }
}