{
  "device_info": {
    "serial_number": "338522301270",
    "name": "Intel RealSense D455",
    "firmware_version": "5.17.0.10",
    "product_line": "D400",
    "device_id": "338522301270"
  },
  "timestamp": "20251013_200327",
  "color_intrinsics": {
    "width": 640,
    "height": 480,
    "ppx": 324.3149108886719,
    "ppy": 245.59893798828125,
    "fx": 387.6985168457031,
    "fy": 387.2027893066406,
    "model": "distortion.inverse_brown_conrady",
    "coeffs": [
      -0.05585002526640892,
      0.06420066207647324,
      -0.0004289929347578436,
      0.00047660229029133916,
      -0.020461810752749443
    ],
    "distortion_model": "distortion.inverse_brown_conrady"
  },
  "depth_intrinsics": {
    "width": 640,
    "height": 480,
    "ppx": 325.4000244140625,
    "ppy": 240.784912109375,
    "fx": 391.1061096191406,
    "fy": 391.1061096191406,
    "model": "distortion.brown_conrady",
    "coeffs": [
      0.0,
      0.0,
      0.0,
      0.0,
      0.0
    ],
    "distortion_model": "distortion.brown_conrady"
  },
  "depth_scale": 0.0010000000474974513,
  "extrinsics": {
    "rotation": [
      0.9999864101409912,
      0.001410955679602921,
      -0.005016608163714409,
      -0.0014237258583307266,
      0.999995768070221,
      -0.0025429236702620983,
      0.005012999288737774,
      0.0025500315241515636,
      0.9999842047691345
    ],
    "translation": [
      -0.05904858559370041,
      1.0379491868661717e-05,
      0.0005231577670201659
    ],
    "transform_matrix": [
      [
        0.9999864101409912,
        0.001410955679602921,
        -0.005016608163714409,
        -0.05904858559370041
      ],
      [
        -0.0014237258583307266,
        0.999995768070221,
        -0.0025429236702620983,
        1.0379491868661717e-05
      ],
      [
        0.005012999288737774,
        0.0025500315241515636,
        0.9999842047691345,
        0.0005231577670201659
      ],
      [
        0.0,
        0.0,
        0.0,
        1.0
      ]
    ]
  },
  "stream_config": {
    "color": {
      "width": 640,
      "height": 480,
      "format": "bgr8",
      "fps": 30
    },
    "depth": {
      "width": 640,
      "height": 480,
      "format": "z16",
      "fps": 30
    }
  }
}